Company,Code
드림씨아이에스,A223250
이베스트스팩5호,A349720
케이프이에스제4호,A347140
엔피디,A198080
플레이디,A237820
SK6호스팩,A340350
서울바이오시스,A092190
제이앤티씨,A204270
켄코아에어로스페이스,A274090
레몬,A294140
서남,A294630
신영스팩6호,A344050
위세아이텍,A065370
케이비제20호스팩,A342550
하나금융15호스팩,A341160
한화플러스제1호스팩,A340440
천랩,A311690
피피아이,A062970
메탈라이프,A327260
엔에이치스팩15,A339950
하이제5호스팩,A340120
브릿지바이오,A288330
대신밸런스제8호스팩,A336570
메드팩토,A235980
유안타제6호스팩,A340360
신테카바이오,A226330
제이엘케이,A322510
태웅로직스,A124560
IBKS제12호스팩,A335870
리메드,A302550
SK5호스팩,A337450
IBKS제11호스팩,A335890
코리아센터,A290510
유안타제5호스팩,A336060
노터스,A278650
티움바이오,A321550
씨에스베어링,A297090
우양,A103840
코리아에셋투자증권,A190650
에스제이그룹,A306040
제테마,A216080
라파스,A214260
아이티엠반도체,A084850
미래에셋대우스팩4호,A333430
미디어젠,A279600
하나금융14호스팩,A332710
신한제6호스팩,A333050
티라유텍,A322180
교보9호스팩,A331520
캐리소프트,A317530
케이엔제이,A272110
엔바이오니아,A317870
팜스빌,A318010
라온피플,A300120
아톤,A158430
녹십자웰빙,A234690
대신밸런스제7호스팩,A332290
유진스팩5호,A331380
케이비제19호스팩,A330990
올리패스,A244460
라닉스,A317120
하나금융13호스팩,A320000
한독크린텍,A256150
상상인이안제2호스팩,A329560
네오크레마,A311390
마니커에프앤지,A195500
미래에셋대우스팩3호,A328380
나노브릭,A286750
에스피시스템스,A317830
레이,A228670
그린플러스,A186230
코윈테크,A282880
덕산테코피아,A317330
슈프리마아이디,A317770
한국바이오젠,A318000
세경하이테크,A148150
윌링스,A313760
대모,A317850
에이스토리,A241840
플리토,A300080
이베스트이안스팩1호,A323210
세틀뱅크,A234340
아이스크림에듀,A289010
펌텍코리아,A251970
에이에프더블류,A312610
신영스팩5호,A323280
케이비제18호스팩,A323940
신한제5호스팩,A323230
압타바이오,A293780
까스텔바작,A308100
마이크로디지탈,A305090
DB금융스팩7호,A322780
유진스팩4호,A321260
수젠텍,A253840
컴퍼니케이,A307930
피에스케이,A319660
엔에이치스팩14호,A319400
SNK,A950180
한화에스비아이스팩,A317320
하이제4호스팩,A317240
아모그린텍,A125210
지노믹트리,A228760
케이비17호스팩,A317030
이지케어텍,A099750
유안타제4호스팩,A313750
미래에셋벤처투자,A100790
에코프로비엠,A247540
셀리드,A299660
천보,A278280
이노테라피,A246960
노랑풍선,A104620
웹케시,A053580
비피도,A238200
키움제5호스팩,A311270
엔에이치스팩13호,A310840
유틸렉스,A263050
디케이티,A290550
아이엘사이언스,A307180
애니플러스,A310200
삼성머스트스팩3호,A309930
위지윅스튜디오,A299900
한국제8호스팩,A310870
대신밸런스제6호스팩,A307750
에이비엘바이오,A298380
머큐리,A100590
전진바이오팜,A110020
뉴트리,A270870
상상인이안1호스팩,A307870
이노메트리,A302430
SK4호스팩,A307070
대유에이피,A290120
교보8호스팩,A307280
에코캡,A128540
베스파,A299910
윙입푸드,A900340
하나머스트제6호스팩,A307160
남화산업,A111710
엠아이텍,A179290
티로보틱스,A117730
네오펙트,A290660
티앤알바이오팹,A246710
디알젬,A263690
싸이토젠,A217330
아주IB투자,A027360
파멥신,A208340
디케이앤디,A263020
디자인,A227100
노바렉스,A194700
셀리버리,A268600
대보마그네틱,A290670
노바텍,A285490
엘앤씨바이오,A290650
네온테크,A306620
로보티즈,A108490
옵티팜,A153710
에스퓨얼셀,A288620
나우IB,A293580
푸드나무,A290720
크리스에프앤씨,A110790
IBKS제10호스팩,A299170
지티지웰니스,A219750
명성티엔에스,A257370
삼성스팩2호,A291230
디지캡,A197140
지니틱스,A303030
액트로,A290740
오파스넷,A173130
에이피티씨,A089970
바이오솔루션,A086820
대유,A290380
디아이티,A110990
에스에스알,A275630
휴네시온,A290270
한국유니온제약,A080720
그리티,A204020
알로이스,A297570
올릭스,A226950
아이큐어,A175250
SV인베스트먼트,A289080
EDGC,A245620
하나금융11호스팩,A284620
파워넷,A037030
현대사료,A016790
세종메디칼,A258830
제노레이,A122310
한국제7호스팩,A291210
유안타제3호스팩,A287410
JTC,A950170
네오셈,A253590
케어랩스,A263700
에코마이스터,A064510
린드먼아시아,A277070
오스테오닉,A226400
엔지켐생명과학,A183490
동구바이오제약,A006620
아시아종묘,A154030
알리코제약,A260660
카페24,A042000
링크제니시스,A219420
배럴,A267790
SG,A255220
씨앤지하이테크,A264660
시스웍,A269620
한국제6호스팩,A281410
디바이스이엔지,A187870
레이크머티리얼즈,A281740
씨티케이코스메틱스,A260930
메카로,A241770
에스트래픽,A234300
체리부로,A066360
대원,A007680
비즈니스온,A138580
한화에이스스팩4호,A279410
스튜디오드래곤,A253450
IBKS제7호스팩,A276920
비디아이,A148140
코오롱티슈진,A950160
영화테크,A265560
세원,A234100
신한제4호스팩,A277480
상신전자,A263810
야스,A255440
인산가,A277410
블러썸엠앤씨,A263920
신흥에스이씨,A243840
유티아이,A179900
선익시스템,A171090
엠플러스,A259630
앱클론,A174900
샘코,A263540
펄어비스,A263750
케이피에스,A256940
덕우전자,A263600
이더블유케이,A258610
지엔원에너지,A270520
알에스오토메이션,A140670
컬러레이,A900310
엔에이치스팩12호,A273060
모트렉스,A118990
데이타솔루션,A263800
지니언스,A263860
디앤씨미디어,A263720
셀트리온헬스케어,A091990
이즈미디어,A181340
힘스,A238490
브이원텍,A251630
아우딘퓨쳐스,A227610
이녹스첨단소재,A272290
하림지주,A003380
하나금융9호스팩,A261200
나인테크,A267320
보라티알,A250000
매일유업,A267980
삼양옵틱스,A225190
이랜시스,A264850
필옵틱스,A161580
포인트엔지니어링,A256630
하나머티리얼즈,A166090
소프트캠프,A258790
와이엠티,A251370
AP시스템,A265520
유에스티,A263770
이엘피,A063760
유비쿼스,A264450
서진시스템,A178320
코미코,A183300
아스타,A246720
에스디생명공학,A217480
신신제약,A002800
에프엔에스테크,A083500
모바일어플라이언스,A087260
피씨엘,A241820
서플러스글로벌,A140070
유바이오로직스,A206650
한국비엔씨,A256840
퓨전,A195440
DSC인베스트먼트,A241520
TS인베스트먼트,A246690
마이크로프랜드,A147760
코썬바이오,A204990
애니젠,A196300
유니온커뮤니티,A203450
신라젠,A215600
자비스,A254120
오션브릿지,A241790
퓨쳐켐,A220100
뉴파워프라즈마,A144960
엘앤케이바이오,A156100
에이치엔티,A176440
핸디소프트,A220180
클리오,A237880
오가닉티코스메틱,A900300
로고스바이오,A238120
세화피앤씨,A252500
인크로스,A216050
에이치엘사이언스,A239610
코스메카코리아,A241710
GRT,A900290
골든센츄리,A900280
인텔리안테크,A189300
에이치시티,A072990
잉글우드랩,A950140
앤디포스,A238090
수산아이앤티,A050960
미투온,A201490
예선테크,A250930
유니테크노,A241690
모비스,A250060
나무기술,A242040
자이글,A234920
헝셩그룹,A900270
에코마케팅,A230360
팍스넷,A038160
엔지스테크널러지,A208860
우리손에프앤지,A073560
아이에이네트웍스,A123010
장원테크,A174880
위니아딤채,A071460
바이오리더스,A142760
피앤씨테크,A237750
로스웰,A900260
녹십자랩셀,A144510
에스티팜,A237690
알엔투테크놀로지,A148250
줌인터넷,A239340
휴온스,A243070
원익IPS,A240810
레이언스,A228850
씨엠에스에듀,A225330
동양파일,A228340
팬젠,A222110
AP위성,A211270
솔트웍스,A230980
큐리언트,A115180
안트로젠,A065660
슈프리마,A236200
아이엠텍,A226350
유니트론텍,A142210
크리스탈신소재,A900250
자안,A221610
에스와이,A109610
코디엠,A224060
와이아이케이,A232140
육일씨엔에쓰,A191410
이에스브이,A223310
휴젤,A145020
한국맥널티,A222980
덱스터,A206560
아진산업,A013310
강스템바이오텍,A217730
메디포럼제약,A047920
메가엠디,A133750
보광산업,A225530
파크시스템스,A140860
에치에프알,A230240
예스티,A122640
코스맥스엔비티,A222040
멕아이씨에스,A058110
엔에스,A217820
미래테크놀로지,A213090
하이즈항공,A221840
캔서롭,A180400
매직마이크로,A127160
케이디켐,A221980
네오오토,A212560
마이크로텍,A227950
케어젠,A214370
아이진,A185490
나무가,A190510
유앤아이,A056090
본느,A226340
연우,A115960
엔케이맥스,A182400
엑시콘,A092870
이엑스티,A226360
뉴지랩,A214870
케이엠제약,A225430
한송네오텍,A226440
패션플랫폼,A225590
넷게임즈,A225570
제너셈,A217190
타이거일렉,A219130
인포마크,A175140
씨아이에스,A222080
해마로푸드서비스,A220630
에이텍티앤,A224110
웹스,A196700
파인텍,A131760
한류AI센터,A222810
심텍,A222800
흥국에프엔비,A189980
쎄노텍,A222420
칩스앤미디어,A094360
아시아경제,A127710
아이쓰리시스템,A214430
로지시스,A067730
켐트로스,A220260
파마리서치프로덕트,A214450
MP한강,A219550
펩트론,A087010
RFHIC,A218410
동운아나텍,A094170
민앤지,A214180
유테크,A178780
이큐셀,A160600
켐온,A217600
코아스템,A166480
세미콘라이트,A214310
베셀,A177350
넵튠,A217270
미래생명자원,A218150
싸이맥스,A160980
러셀,A217500
픽셀플러스,A087600
디딤,A217620
제노포커스,A187420
우정바이오,A215380
토박스코리아,A215480
이노인스트루먼트,A215790
우리산업,A215360
메가스터디교육,A215200
이디티,A215090
로보로보,A215100
디알텍,A214680
에이비프로바이오,A195990
골프존,A215000
클래시스,A214150
퓨쳐스트림네트웍스,A214270
포시에스,A189690
덕산네오룩스,A213420
국일신동,A060480
바디텍메드,A206640
썸에이지,A208640
와이제이엠게임즈,A193250
화이브라더스코리아,A204630
에이팩트,A200470
휴메딕스,A200670
바이오로그디바이스,A208710
서전기전,A189860
아스트,A067390
오킨스전자,A080580
지란지교시큐리티,A208350
NEW,A160550
아이티센,A124500
녹십자엠에스,A142280
디티앤씨,A187220
셀바스헬스케어,A208370
정다운,A208140
하이로닉,A149980
랩지노믹스,A084650
에이디테크놀로지,A200710
비씨월드제약,A200780
미스터블루,A207760
알테오젠,A196170
엔터메이트,A206400
SKC코오롱PI,A178920
대창스틸,A140520
에프엔씨엔터,A173940
휴마시스,A205470
텔콘RF제약,A200230
파티게임즈,A194510
지엘팜텍,A204840
글로벌텍스프리,A204620
디에이테크놀로지,A196490
액션스퀘어,A205500
엑셈,A205100
테고사이언스,A191420
슈피겐코리아,A192440
테라셈,A182690
영우디에스피,A143540
드림시큐리티,A203650
메디아나,A041920
데브시스터즈,A194480
프로스테믹스,A203690
감마누,A192410
고려시멘트,A198440
신화콘텍,A187270
파버나인,A177830
덕신하우징,A090410
창해에탄올,A004650
윈하이텍,A192390
아진엑스텍,A059120
콜마비앤에이치,A200130
트루윈,A105550
디오스텍,A196450
캐스텍코리아,A071850
나노,A187790
케이사인,A192250
오이솔루션,A138080
인터파크,A108790
한국정보인증,A053300
솔루에타,A154040
이지웰,A090850
SGA솔루션즈,A184230
기가레인,A049080
인트로메딕,A150840
알티캐스트,A085810
현대공업,A170030
엔브이에이치코리아,A067570
디엠티,A134580
큐브엔터,A182360
라이온켐텍,A171120
램테크놀러지,A171010
THE MIDONG,A161570
에이씨티,A138360
해성옵틱스,A076610
내츄럴엔도텍,A168330
테스나,A131970
파수,A150900
엘티씨,A170920
지엔씨에너지,A119850
아미코젠,A092040
GH신소재,A130500
파이오링크,A170790
KG ETS,A151860
나스미디어,A089600
엑세스바이오,A950130
레고켐바이오,A141080
스타모빌리티,A158310
윈팩,A097800
코렌텍,A104540
제로투세븐,A159580
아이원스,A114810
우리이앤엘,A153490
아이센스,A099190
포티스,A141020
스킨앤스킨,A159910
SBI핀테크솔루션즈,A950110
우리로,A046970
디젠스,A113810
맥스로텍,A141070
와이엠씨,A155650
아바텍,A149950
코이즈,A121850
모다,A149940
나노스,A151910
엠씨넥스,A097520
네이블커뮤니케이션즈,A153460
디지탈옵틱,A106520
피엔티,A137400
비아트론,A141000
빛샘전자,A072950
사람인에이치알,A143240
뉴로스,A126870
제룡산업,A147830
남화토건,A091590
메지온,A140410
원익머트리얼즈,A104830
디엔에이링크,A127120
나이스디앤비,A130580
시큐브,A131090
서암기계공업,A100660
씨유메디칼,A115480
키네마스터,A139670
비덴트,A121800
에스에프씨,A112240
신진에스엠,A138070
이엠넷,A123570
와이지엔터테인먼트,A122870
쎄미시스코,A136510
에이티세미콘,A089530
테크윙,A089030
씨큐브,A101240
에스엠코어,A007820
씨엔플러스,A115530
케이맥,A043290
로보스타,A090360
대한과학,A131220
피앤이솔루션,A131390
아이디스,A143160
화진,A134780
제이씨케미칼,A137950
아이씨디,A040910
제닉,A123330
데일리블록체인,A139050
상아프론테크,A089980
나이벡,A138610
옵티시스,A109080
대양전기공업,A108380
서연탑메탈,A019770
넥스트아이,A137940
스카이이앤엠,A131100
엘아이에스,A138690
KMH,A122450
골프존뉴딘홀딩스,A121440
윈스,A136540
하림,A136480
이퓨쳐,A134060
티케이케미칼,A104480
부스타,A008470
나노신소재,A121600
케이아이엔엑스,A093320
티피씨글로벌,A130740
딜리,A131180
엘비세미콘,A061970
제이엔케이히터,A126880
블루콤,A033560
인트론바이오,A048530
다나와,A119860
알서포트,A131370
인텍플러스,A064290
티에스이,A131290
액트,A131400
대정화금,A120240
피제이메탈,A128660
디에이치피코리아,A131030
에이루트,A096690
티비씨,A033830
시그네틱스,A033170
한국전자인증,A041460
디케이락,A105740
코프라,A126600
선데이토즈,A123420
삼본전자,A111870
아나패스,A123860
KNN,A058400
누리플랜,A069140
아이텍,A119830
인화정공,A101930
코렌,A078650
아이씨케이,A068940
한일진공,A123840
알파홀딩스,A117670
포메탈,A119500
다원시스,A068240
씨젠,A096530
와이솔,A122990
하이비젼시스템,A126700
화신정공,A126640
코리아에프티,A123410
엠에스오토텍,A123040
이글루시큐리티,A067920
인터로조,A119610
하이텍팜,A106190
크루셜텍,A114120
에스디시스템,A121890
알톤스포츠,A123750
유비벨록스,A089850
지와이커머스,A111820
오르비텍,A046120
엑스큐어,A070300
실리콘웍스,A108320
투비소프트,A079970
인피니트헬스케어,A071200
모바일리더,A100030
서진오토모티브,A122690
이스트아시아홀딩스,A900110
뉴프라이드,A900100
케이씨에스,A115500
씨케이에이치,A900120
지트리비앤티,A115450
삼기오토모티브,A122350
이미지스,A115610
인포바인,A115310
하이소닉,A106080
모베이스,A101330
지스마트글로벌,A114570
스타플렉스,A115570
우리넷,A115440
아세아텍,A050860
우노앤컴퍼니,A114630
코디,A080530
글로벌에스엠,A900070
ITX엠투엠,A099520
KPX생명과학,A114450
디와이피엔에프,A104460
멜파스,A096640
위메이드,A112040
셀바스AI,A108860
에스앤씨엔진그룹,A900080
이원컴포텍,A088290
강원,A114190
휴맥스,A115160
에이프로젠 H&G,A109960
동방선기,A099410
상상인인더스트리,A101000
진매트릭스,A109820
비츠로셀,A082920
한스바이오메드,A042520
NHN벅스,A104200
아이앤씨,A052860
케이엔더블유,A105330
디에스케이,A109740
제넥신,A095700
톱텍,A108230
동국S&C,A100130
에스앤더블류,A103230
게임빌,A063080
동일금속,A109860
어보브반도체,A102120
조이맥스,A101730
이엔에프테크놀로지,A102710
스맥,A099440
해덕파워웨이,A102210
SDN,A099220
한국정밀기계,A101680
흥국,A010240
우림기계,A101170
티플랙스,A081150
에스티오,A098660
에이테크솔루션,A071670
에스앤에스텍,A101490
뷰웍스,A100120
코오롱생명과학,A102940
엔시트론,A101400
파인테크닉스,A106240
이수앱지스,A086890
대성파인텍,A104040
유비쿼스홀딩스,A078070
메디톡스,A086900
엠게임,A058630
아이컴포넌트,A059100
에이치엘비생명과학,A067630
이크레더블,A092130
세운메디칼,A100700
마이크로컨텍솔,A098120
이엠앤아이,A083470
삼강엠앤티,A100090
아이엠,A101390
웰크론한텍,A076080
코리아에스이,A101670
슈프리마에이치큐,A094840
서울옥션,A063170
이스트소프트,A047560
청담러닝,A096240
월덱스,A101160
쎄트렉아이,A099320
브리지텍,A064480
고영,A098460
조이시티,A067000
우진비앤지,A018620
테스,A095610
예스24,A053280
엘디티,A096870
메타바이오메드,A059210
효성오앤비,A097870
에스모 머티리얼즈,A087730
텔레필드,A091440
이트론,A096040
에스맥,A097780
에스코넥,A096630
일신바이오,A068330
서원인텍,A093920
이씨에스,A067010
대창솔루션,A096350
아이에스이커머스,A069920
알에프세미,A096610
디엔에프,A092070
일진파워,A094820
비엠티,A086670
이엠코리아,A095190
현우산업,A092300
다믈멀티미디어,A093640
에스에너지,A095910
성우전자,A081580
엘엠에스,A073110
제이엠티,A094970
오디텍,A080520
ISC,A095340
네오티스,A085910
미래나노텍,A095500
상보,A027580
바이오톡스텍,A086040
아이엠이연이,A090740
옴니시스템,A057540
푸른기술,A094940
웨이브일렉트로,A095270
빅솔론,A093190
S&K폴리텍,A091340
율호,A072770
갤럭시아컴즈,A094480
에코프로,A086520
MP그룹,A065150
컴투스,A078340
네오위즈,A095660
앤씨앤,A092600
엔텔스,A069410
풍강,A093380
동국제약,A086450
케이프,A064820
상신이디피,A091580
한라IMS,A092460
에프알텍,A073540
이엠텍,A091120
참좋은여행,A094850
코닉글로리,A094860
이베스트투자증권,A078020
매커스,A093520
오스템임플란트,A048260
나노캠텍,A091970
네오팜,A092730
비에이치,A090460
오스코텍,A039200
켐트로닉스,A089010
제이스텍,A090470
동아엘텍,A088130
휴온스글로벌,A084110
케이씨티,A089150
파트론,A091700
유니테스트,A086390
휴림로봇,A090710
에스에이티,A060540
큐에스아이,A066310
멀티캠퍼스,A067280
이노와이즈,A086250
코세스,A089890
성창오토텍,A080470
넥스턴,A089140
제이티,A089790
광진윈텍,A090150
이녹스,A088390
THE E&M,A089230
바텍,A043150
한컴MDS,A086960
루멘스,A038060
CSA 코스믹,A083660
티엘아이,A062860
한국전자금융,A063570
쇼박스,A086980
팬엔터테인먼트,A068050
루트로닉,A085370
인포뱅크,A039290
아이오케이,A078860
동우팜투테이블,A088910
제이브이엠,A054950
팅크웨어,A084730
진바이오텍,A086060
정산애강,A022220
에이스테크,A088800
셀트리온제약,A068760
GST,A083450
에너토크,A019990
제우스,A079370
한일네트웍스,A046110
뉴프렉스,A085670
유진테크,A084370
크리스탈,A083790
바이오니아,A064550
헬릭스미스,A084990
인콘,A083640
차바이오텍,A085660
대봉엘에스,A078140
와이엔텍,A067900
케이엠,A083550
수성,A084180
한국코퍼레이션,A050540
모다이노칩,A080420
비에이치아이,A083650
EMW,A079190
GV,A045890
루미마이크로,A082800
자연과환경,A043910
와토스코리아,A079000
인프라웨어,A041020
두올산업,A078590
서린바이오,A038070
가비아,A079940
덕산하이메탈,A077360
아바코,A083930
하나마이크론,A067310
엘오티베큠,A083310
코스나인,A082660
이상네트웍스,A080010
아리온,A058220
메디포스트,A078160
우리바이오,A082850
모두투어,A080160
가온미디어,A078890
쏠리드,A050890
옵트론텍,A082210
젬백스,A082270
플랜티넷,A075130
에스제이케이,A080440
이노와이어리스,A073490
인베니아,A079950
동양이엔피,A079960
제주반도체,A080220
한창산업,A079170
디이엔티,A079810
에스엔유,A080000
iMBC,A052220
서산,A079650
KMH하이텍,A052900
손오공,A066910
미래컴퍼니,A049950
아이크래프트,A052460
메가스터디,A072870
케이에스피,A073010
KG모빌리언스,A046440
대주전자재료,A078600
텔레칩스,A054450
HB테크놀러지,A078150
도이치모터스,A067990
토비스,A051360
제넨바이오,A072520
국일제지,A078130
DMS,A068790
코드네이처,A078940
시너지이노베이션,A048870
신성델타테크,A065350
한국경제TV,A039340
다날,A064260
형지I&C,A011080
휘닉스소재,A050090
코엔텍,A029960
YBM넷,A057030
CS,A065770
아미노로직스,A074430
테라젠이텍스,A066700
디에이피,A066900
한양디지텍,A078350
동국알앤에스,A075970
라이트론,A069540
듀오백,A073190
삼진엘앤디,A054090
에스텍파마,A041910
에스모,A073070
한류타임즈,A039670
세진티에스,A067770
한솔인티큐브,A070590
WI,A073570
삼원테크,A073640
우주일렉트로,A065680
필로시스헬스케어,A057880
드림어스컴퍼니,A060570
버킷스튜디오,A066410
아프리카TV,A067160
원익QnC,A074600
로체시스템즈,A071280
에버다임,A041440
에스텍,A069510
오텍,A067170
키이스트,A054780
중앙백신,A072020
휴비츠,A065510
우리산업홀딩스,A072470
디지털대성,A068930
코스온,A069110
유아이디,A069330
티씨케이,A064760
아모텍,A052710
웰크론,A065950
파워로직스,A047310
네스엠,A056000
이라이콤,A041520
녹원씨엔아이,A065560
홈캐스트,A064240
씨씨에스,A066790
웹젠,A069080
대화제약,A067080
우수AMS,A066590
JW신약,A067290
하츠,A066130
SBS콘텐츠허브,A046140
빅텍,A065450
탑엔지니어링,A065130
이루온,A065440
재영솔루텍,A049630
한국큐빅,A021650
인터플렉스,A051370
메디프론,A065650
삼영이엔씨,A065570
브레인콘텐츠,A066980
리더스코스메틱,A016100
바이오빌,A065940
케이피엠테크,A042040
엘앤에프,A066970
디스플레이텍,A066670
와이오엠,A066430
초록뱀,A047820
에프앤리퍼블릭,A064090
쎌바이오텍,A049960
NE능률,A053290
바른전자,A064520
KG이니시스,A035600
넥스트BT,A065170
파라다이스,A034230
젬백스지오,A041590
새로닉스,A042600
오리엔트정공,A065500
케이알피앤이,A060900
국보디자인,A066620
아이톡시,A052770
에스아이리소스,A065420
젬백스링크,A064800
리노스,A039980
현대바이오,A048410
에스피지,A058610
토탈소프트,A045340
서호전기,A065710
파커스,A065690
한프,A066110
서울리거,A043710
홈센타홀딩스,A060560
아비코전자,A036010
큐렉소,A060280
제낙스,A065620
이그잭스,A060230
옴니텔,A057680
우원개발,A046940
인선이엔티,A060150
전파기지국,A065530
SM Life Design,A063440
지어소프트,A051160
지엔코,A065060
셀루메드,A049180
KH바텍,A060720
알에프텍,A061040
에스폴리텍,A050760
이랜텍,A054210
라이브플렉스,A050120
케이피티유,A054410
3S,A060310
화일약품,A061250
오상자이엘,A053980
농우바이오,A054050
케이엘넷,A039420
에스티아이,A039440
잉크테크,A049550
대한뉴팜,A054670
씨티씨바이오,A060590
인탑스,A049070
KT서브마린,A060370
피씨디렉트,A051380
현진소재,A053660
구영테크,A053270
한국기업평가,A034950
뉴보텍,A060260
동양에스텍,A060380
백금T&A,A046310
슈펙스비앤피,A058530
고려신용정보,A049720
제일바이오,A052670
서울반도체,A046890
아가방컴퍼니,A013990
일야,A058450
미코,A059090
에이앤티앤,A050320
유신,A054930
프럼파스트,A035200
한국컴퓨터,A054040
대동스틸,A048470
레드로버,A060300
링네트,A042500
제이웨이,A058420
큐로컴,A040350
팬스타엔터프라이즈,A054300
한빛소프트,A047080
NHN한국사이버결제,A060250
금강철강,A053260
룽투코리아,A060240
포스링크,A056730
SKC 솔믹스,A057500
동아화성,A041930
비츠로시스,A054220
오리엔탈정공,A014940
크로바하이텍,A043590
리노공업,A058470
성우테크론,A045300
에스에프에이,A056190
신화인터텍,A056700
엑사이엔씨,A054940
평화정공,A043370
APS홀딩스,A054620
코위버,A056360
성호전자,A043260
UCI,A038340
YW,A051390
삼영엠텍,A054540
이니텍,A053350
에이디칩스,A054630
유진로봇,A056080
태웅,A044490
경남제약,A053950
삼보모터스,A053700
한컴위드,A054920
코미팜,A041960
프리엠스,A053160
코나아이,A052400
중앙오션,A054180
SGA,A049470
지에스이,A053050
큐브앤컴퍼니,A043090
소리바다,A053110
아이디스홀딩스,A054800
코데즈컴바인,A047770
안랩,A053800
YTN,A040300
CMG제약,A058820
JYP Ent.,A035900
한국테크놀로지,A053590
KCC건설,A021320
세동,A053060
프로텍,A053610
액토즈소프트,A052790
세코닉스,A053450
바이넥스,A053030
오성첨단소재,A052420
태양,A053620
W홀딩컴퍼니,A052300
유아이엘,A049520
대원미디어,A048910
센트럴바이오,A051980
CJ프레시웨이,A051500
파인디앤씨,A049120
디지아이,A043360
코텍,A052330
한네트,A052600
에스티큐브,A052020
에이치엘비파워,A043220
스카이문스테크놀로지,A033790
큐로홀딩스,A051780
이에스에이,A052190
나라엠앤디,A051490
에코바이오,A038870
에이텍,A045660
SK바이오랜드,A052260
대아티아이,A045390
캠시스,A050110
SFA반도체,A036540
삼표시멘트,A038500
SM C&C,A048550
승일,A049830
조광ILI,A044060
피에스엠씨,A024850
TPC,A048770
코메론,A049430
경남바이오파마,A044480
삼화네트웍스,A046390
성광벤드,A014620
유라테크,A048430
삼현철강,A017480
오픈베이스,A049480
KCI,A036670
라온시큐어,A042510
오로라,A039830
금화피에스시,A036190
코다코,A046070
인바디,A041830
고려제약,A014570
크린앤사이언스,A045520
포스코 ICT,A022100
럭슬,A033600
KD,A044180
이글벳,A044960
아즈텍WB,A032080
오리콤,A010470
위닉스,A044340
상지카일룸,A042940
엔피케이,A048830
삼천당제약,A000250
에이치케이,A044780
정원엔시스,A045510
한양이엔지,A045100
누리텔레콤,A040160
에쎈테크,A043340
국순당,A043650
엘컴텍,A037950
이오테크닉스,A039030
상상인,A038540
서울제약,A018680
나노엔텍,A039860
파나진,A046210
오공,A045060
솔고바이오,A043100
비츠로테크,A042370
코아시아,A045970
정상제이엘에스,A040420
진양제약,A007370
넥슨지티,A041140
지니뮤직,A043610
진성티이씨,A036890
현대통신,A039010
삼아제약,A009300
파루,A043200
에스씨디,A042110
한국정보공학,A039740
디오,A039840
네오위즈홀딩스,A042420
다산네트웍스,A039560
바이오스마트,A038460
에이아이비트,A039230
우리기술,A032820
안국약품,A001540
골드퍼시픽,A038530
세중,A039310
우리기술투자,A041190
HRS,A036640
에스에이엠티,A031330
NICE평가정보,A030190
위즈코프,A038620
이건홀딩스,A039020
파인디지털,A038950
나이스정보통신,A036800
SG&G,A040610
아이에이,A038880
에스넷,A038680
에스엠,A041510
쌍용정보통신,A010280
쎄니트,A037760
대성미생물,A036480
에코플라스틱,A038110
케이엠더블유,A032500
화성밸브,A039610
경남스틸,A039240
마크로젠,A038290
희림,A037440
레드캡투어,A038390
GS홈쇼핑,A028150
솔브레인,A036830
에프에스티,A036810
코맥스,A036690
EG,A037370
버추얼텍,A036620
성도이엔지,A037350
제일테크노스,A038010
무림SP,A001810
세종텔레콤,A036630
심텍홀딩스,A036710
파세코,A037070
영풍정밀,A036560
이테크건설,A016250
KTH,A036030
서희건설,A035890
주성엔지니어링,A036930
다우데이타,A032190
동진쎄미켐,A005290
라이브파이낸셜,A036170
선광,A003100
에이프런티어,A036180
제이에스티나,A026040
한국팩키지,A037230
삼지전자,A037460
우리조명,A037400
SK머티리얼즈,A036490
네패스,A033640
인지디스플레,A037330
위지트,A036090
유니셈,A036200
유성티엔에스,A024800
이매진아시아,A036260
코리아나,A027050
SCI평가정보,A036120
더블유에프엠,A035290
서울전자통신,A027040
대성창투,A027830
예림당,A036000
CJ ENM,A035760
이지바이오,A035810
기산텔레콤,A035460
바른손이앤에이,A035620
솔본,A035610
시공테크,A020710
신일제약,A012790
조아제약,A034940
인성정보,A033230
인터파크홀딩스,A035080
동국산업,A005160
매일홀딩스,A005990
해성산업,A034810
녹십자셀,A031390
디에스티,A033430
한국정보통신,A025770
파라텍,A033540
동성화인텍,A033500
드래곤플라이,A030350
디케이디앤아이,A033310
엠케이전자,A033160
제이씨현시스템,A033320
포스코엠텍,A009520
스페코,A013810
좋은사람들,A033340
모아텍,A033200
코웰패션,A033290
코콤,A015710
제룡전기,A033100
제이엠아이,A033050
코너스톤네트웍스,A033110
디지틀조선,A033130
바이온,A032980
와이지-원,A019210
특수건설,A026150
아이즈비전,A031310
동일기연,A032960
소프트센,A032680
원익,A032940
원풍물산,A008290
삼진,A032750
글로스퍼랩스,A032860
비트컴퓨터,A032850
엠젠플러스,A032790
판타지오,A032800
유비케어,A032620
피델릭스,A032580
TJ미디어,A032540
휴맥스홀딩스,A028080
삼일,A032280
뉴인텍,A012340
오스템,A031510
엔에스엔,A031860
피에스케이홀딩스,A031980
세보엠이씨,A011560
한일단조,A024740
양지사,A030960
원익홀딩스,A030530
한글과컴퓨터,A030520
메이슨캐피탈,A021880
대호피앤씨,A021040
바른테크놀로지,A029480
미래SCI,A028040
에이치엘비,A028300
팜스토리,A027710
삼보판지,A023600
삼목에스폼,A018310
에이스침대,A003800
원익큐브,A014190
리드코프,A012700
유니슨,A018000
아난티,A025980
광진실업,A026910
인터엠,A017250
성우하이텍,A015750
대신정보통신,A020180
서부T&D,A006730
동신건설,A025950
동화기업,A025900
신라에스지,A025870
케이씨피드,A025880
한탑,A002680
한국선재,A025550
대성엘텍,A025440
시노펙스,A025320
PN풍년,A024940
삼천리자전거,A024950
메디앙스,A014100
KBI메탈,A024840
경창산업,A024910
대륙제관,A004780
동원개발,A013120
세원물산,A024830
이화전기,A024810
케이피에프,A024880
KB오토시스,A024120
신원종합개발,A017000
흥구석유,A024060
대한약품,A023910
이화공영,A001840
풍국주정,A023900
한국아트라스비엑스,A023890
대림제지,A017650
대한광통신,A010170
동일철강,A023790
플레이위드,A023770
한국캐피탈,A023760
한일사료,A005860
모베이스전자,A012860
CNH,A023460
국영지앤엠,A006050
유진기업,A023410
제일제강,A023440
보성파워텍,A006910
브이티지엠피,A018290
태광,A023160
영신금속,A007530
신라섬유,A001000
원일특강,A012620
서한,A011370
바른손,A018700
부방,A014470
대명소노시즌,A007720
대양제지,A006580
유니크,A011320
진로발효,A018120
청보산업,A013720
삼보산업,A009620
푸드웰,A005670
푸른저축은행,A007330
피제이전자,A006140
베뉴지,A019010
엠에스씨,A009780
행남사,A008800
대동금속,A020400
광림,A014200
대원산업,A005710
큐캐피탈,A016600
한국가구,A004590
포비스티앤씨,A016670
중앙에너비스,A000440
삼륭물산,A014970
경동제약,A011040
원풍,A008370
네이처셀,A007390
삼일기업공사,A002290
일지테크,A019540
한일화학,A007770
한국알콜,A017890
대주산업,A003310
글로본,A019660
세명전기,A017510
에이티넘인베스트,A021080
대동기어,A008830
피에스텍,A002230
코센,A009730
카스,A016920
하이록코리아,A013030
SBI인베스트먼트,A019550
리더스 기술투자,A019570
엠벤처투자,A019590
모헨즈,A006920
